Basel,
Lörrach,
Rheinfelden,
Bad Säckingen,
Waldshut-Tiengen,
Stühlingen,
Konstanz,
Friedrichshafen,
Bregenz,
Feldkirch,
Vaduz,
Sölden,
Livigno,
Tirano,
Montespluga,
Como,
Cannobio,
Domodossola,
Entreves,
Évian-les-Bains,
Annemasse,
Valserhône,
Turin,
Puigcerdà,
Pamplona,
Donostia-San Sebastián,
Poperinge,
Kortrijk,
Tournai,
Mons,
Charleroi,
Bouillon,
Florenville,
Virton,
Esch an der Alzette,
Bettemburg,
Mettlach,
Kaiserslautern,
Karlsruhe,
Pforzheim,
Strassburg,
Nancy,
Freiburg im Breisgau,
Schaffhausen,
Baden-Baden,
Saarbrücken,
Annecy,
Nizza,
Figueres,
Colmar